Model,Kelas,Akurasi,Presisi,Recall,F1-Score,Support
Naive Bayes,Negatif,0.607871720116618,0.0,0.0,0.0,111.0
Naive Bayes,Netral,0.607871720116618,0.6287878787878788,0.9474885844748858,0.75591985428051,438.0
Naive Bayes,Positif,0.607871720116618,0.0909090909090909,0.0145985401459854,0.0251572327044025,137.0
SVM,Negatif,0.3768472906403941,0.1111111111111111,0.009009009009009009,0.016666666666666666,111.0
SVM,Netral,0.3768472906403941,0.3878116343490305,0.8860759493670886,0.5394990366088632,158.0
SVM,Positif,0.3768472906403941,0.3333333333333333,0.08759124087591241,0.13872832369942195,137.0
