Model,Kelas,Akurasi,Presisi,Recall,F1-Score,Support
Naive Bayes,Negatif,0.6064139941690962,0.0,0.0,0.0,111.0
Naive Bayes,Netral,0.6064139941690962,0.6291793313069909,0.9452054794520548,0.7554744525547445,438.0
Naive Bayes,Positif,0.6064139941690962,0.0909090909090909,0.0145985401459854,0.0251572327044025,137.0
SVM,Negatif,0.3694581280788177,0.1,0.009009009009009,0.0165289256198347,111.0
SVM,Netral,0.3694581280788177,0.38268156424581,0.8670886075949367,0.5310077519379846,158.0
SVM,Positif,0.3694581280788177,0.3157894736842105,0.0875912408759124,0.1371428571428571,137.0
